parameter name;avail_local;c_op_local
WOOD;40776.57;0.02235
WET_BIOMASS;12364.05;0.01365
WASTE;12478.99;0.00654747
OTHER_LIGNO;9023.72;0.01395
BIOWASTE;914.83;0.000001
BIOMASS_RESIDUES;12744.36;0.01397