parameter name;avail_local;c_op_local
WOOD;63069.49;0.01925339
WET_BIOMASS;30447.34;0.00705893
WASTE;12478.99;0.00654747
