{
    "share_ned": {
        "AMMONIA": 0.295825424549632,
        "HVC": 0.6456497373907815,
        "METHANOL": 0.05852483805958654
    },
    "share_short_haul_flights_max": 0.0687807889789912,
    "share_short_haul_flights_min": 0.0686807889789912,
    "solar_area_ground": 524.2800000000001,
    "solar_area_ground_high_irr": 0.33,
    "solar_area_rooftop": 60.7588180314156
}