{
      "share_ned": {
            "AMMONIA": 0.5285010264863295,
            "HVC": 0.439781407498267,
            "METHANOL": 0.03171756601540364
      },
      "share_short_haul_flights_max": 0.09653723481054896,
      "share_short_haul_flights_min": 0.09643723481054896,
      "solar_area_ground": 750.0031770588234,
      "solar_area_ground_high_irr": 0.0,
      "solar_area_rooftop": 34.48036148823529
}