{
    "share_ned": {
        "AMMONIA": 0.6769204561795381,
        "HVC": 0.32193992901499346,
        "METHANOL": 0.0011396148054683894
    },
    "share_short_haul_flights_max": 0.123191703602759,
    "share_short_haul_flights_min": 0.12309170360275899,
    "solar_area_ground": 1465.8786088235292,
    "solar_area_ground_high_irr": 0.0,
    "solar_area_rooftop": 47.79706467647058
}