;avail_local;c_op_local
WOOD;9751.761666666665;0.006603447929864857
WET_BIOMASS;448.3586111111111;0.014196307998061366
ENERGY_CROPS_2;21502.947222222218;0.018104765316922882
BIOWASTE;0.0;0.0
BIOMASS_RESIDUES;2133.768611111111;0.009166607233203785
WASTE;3256.4;0.0062602
