{
      "solar_area_rooftop": 581.5661880970525,
      "solar_area_ground": 7164.180000000001,
      "solar_area_ground_high_irr": 2918.520000000001
}