parameter name;avail_local;c_op_local
WOOD;81898.46;0.01748798
WET_BIOMASS;158702.98;0.00657362
WASTE;38204.55;0.00717225
