parameter name;avail_local;c_op_local
WOOD;54088.71;0.02424
WET_BIOMASS;29122.72;0.01794
WASTE;38204.55;0.00717225
OTHER_LIGNO;81766.74;0.03097
BIOWASTE;8769.3;0.00000583
BIOMASS_RESIDUES;32629.24;0.01343