;avail_local;c_op_local
WOOD;3884.282777777778;0.006592254323442456
WET_BIOMASS;584.338045992469;0.02118824082165622
ENERGY_CROPS_2;9680.241944444446;0.015641031377894733
BIOWASTE;6.725833333333333;0.0003235397799115177
BIOMASS_RESIDUES;1163.2808333333332;0.009569596792601652
WASTE;3256.4;0.0062602
