parameter name;avail_local;c_op_local
WOOD;117079.21;0.017079796
WET_BIOMASS;169867.78;0.006532823
WASTE;55591.4;0.00734293
