{
      "share_ned": {
            "AMMONIA": 0.11360587291380718,
            "HVC": 0.8429129973827992,
            "METHANOL": 0.04348112970339362
      },
      "share_short_haul_flights_max": 0.06805757811958263,
      "share_short_haul_flights_min": 0.06795757811958263,
      "solar_area_ground": 4687.709999999998,
      "solar_area_ground_high_irr": 0.011764705882352941,
      "solar_area_rooftop": 1123.0402113009827
}