{
    "share_ned": {
        "AMMONIA": 0.188168116946779,
        "HVC": 0.7249804280485553,
        "METHANOL": 0.0868514550046656
    },
    "share_short_haul_flights_max": 0.22070267414310868,
    "share_short_haul_flights_min": 0.2206026741431087,
    "solar_area_ground": 524.2800000000001,
    "solar_area_ground_high_irr": 0.33,
    "solar_area_rooftop": 60.7588180314156
}