{
    "share_ned": {
        "AMMONIA": 0.10073332942874262,
        "HVC": 0.8752154930068855,
        "METHANOL": 0.024051177564371858
    },
    "share_short_haul_flights_max": 0.13496154689951534,
    "share_short_haul_flights_min": 0.13486154689951535,
    "solar_area_ground": 565.56,
    "solar_area_ground_high_irr": 0.0,
    "solar_area_rooftop": 227.49831810123223
}