parameter name;avail_local;c_op_local
WOOD;9780.83;0.01050778
WET_BIOMASS;56382.24;0.00434192
WASTE;12746.48;0.00812027
