{
    "share_ned": {
        "AMMONIA": 0.06015555029020928,
        "HVC": 0.8915645594489556,
        "METHANOL": 0.04827989026083494
    },
    "share_short_haul_flights_max": 0.12229357825574874,
    "share_short_haul_flights_min": 0.12219357825574874,
    "solar_area_ground": 126.76470588235294,
    "solar_area_ground_high_irr": 0.0,
    "solar_area_rooftop": 20.294117647058822
}