{
      "solar_area_rooftop": 119.47560229879008,
      "solar_area_ground": 744.7800000000001,
      "solar_area_ground_high_irr": 0.0
}