;avail_local;c_op_local
WOOD;28819.786666666667;0.017528745199182762
WET_BIOMASS;1423.3221902954594;0.027655308660776975
ENERGY_CROPS_2;0.0;0.0
BIOWASTE;8862.297222222222;0.0004243323625884864
BIOMASS_RESIDUES;1454.5677777777776;0.015888720190519408
WASTE;11142.0;0.023080857
