{
      "share_ned": {
            "AMMONIA": 0.188168116946779,
            "HVC": 0.7249804280485553,
            "METHANOL": 0.0868514550046656
      },
      "share_short_haul_flights_max": 0.23346111922275078,
      "share_short_haul_flights_min": 0.2333611192227508,
      "solar_area_ground": 1702.92,
      "solar_area_ground_high_irr": 56.46,
      "solar_area_rooftop": 143.10199175377673
}