;avail_local;c_op_local
WOOD;6798.6416666666655;0.018046111813331368
WET_BIOMASS;2185.8813508191715;0.01581749999498086
ENERGY_CROPS_2;5437.786944444444;0.03442613329983846
BIOWASTE;953.5441666666666;0.0002205312644447885
BIOMASS_RESIDUES;7524.454999999999;0.013036278827025767
WASTE;9927.368;0.00831838
