{
      "solar_area_rooftop": 802.3267626312929,
      "solar_area_ground": 4409.55,
      "solar_area_ground_high_irr": 125.85000000000002
}