parameter name;avail_local;c_op_local
WOOD;63239.16;0.01047
WET_BIOMASS;32851.96;0.03181
WASTE;52695.53;0.01191635
OTHER_LIGNO;41991.39;0.03181
BIOWASTE;9651.44;0.0003
BIOMASS_RESIDUES;21204.68;0.01356