parameter name;avail_local;c_op_local
WOOD;69303.17;0.0200796
WET_BIOMASS;133430.99;0.0081804
WASTE;52695.53;0.01191635
