{
      "solar_area_rooftop": 81.24031389354438,
      "solar_area_ground": 811.6799999999998,
      "solar_area_ground_high_irr": 0.0
}