parameter name;avail_local;c_op_local
WOOD;11374.14;0.01711446
WET_BIOMASS;39297.77;0.00504912
WASTE;6175.53;0.00579773
