;avail_local;c_op_local
WOOD;177634.00555555557;0.02284349969340345
WET_BIOMASS;5067.814365715007;0.02533703470669025
ENERGY_CROPS_2;4007.6580555555556;0.03210778576316917
BIOWASTE;9634.933333333334;1.2246375060297575e-05
BIOMASS_RESIDUES;12693.283333333333;0.011471846705427776
WASTE;15305.08;0.00995628
