parameter name;avail_local;c_op_local
WOOD;310497.74;0.01697949
WET_BIOMASS;4872.97;0.00687977
WASTE;15305.08;0.00995628
