{
      "solar_area_rooftop": 141.85441290360924,
      "solar_area_ground": 1748.6999999999998,
      "solar_area_ground_high_irr": 0.0
}