{
    "share_ned": {
        "AMMONIA": 0.10680423229422221,
        "HVC": 0.8456956475700573,
        "METHANOL": 0.047500120135720365
    },
    "solar_area_ground": 1748.6999999999998,
    "solar_area_ground_high_irr": 0.0,
    "solar_area_rooftop": 141.85441290360924
}