parameter name;avail_local;c_op_local
WOOD;32377.92;0.01614487
WET_BIOMASS;19526.77;0.00542569
WASTE;10339.07;0.00628278
