parameter name;avail_local;c_op_local
WOOD;24829.22;0.00987
WET_BIOMASS;17261.79;0.01347
WASTE;10339.07;0.00628278
OTHER_LIGNO;30321.76;0.01347
BIOWASTE;2707.17;0.01347
BIOMASS_RESIDUES;14800.73;0.01347