parameter name;avail_local;c_op_local
WOOD;66395.67;0.01447767
WET_BIOMASS;55312.28;0.00714218
WASTE;89969.68;0.00823738
