parameter name;avail_local;c_op_local
WOOD;30407.68;0.02522
WET_BIOMASS;44330.99;0.02517
WASTE;89969.68;0.00823738
OTHER_LIGNO;18900.64;0.03018
BIOWASTE;5026.11;0.00014
BIOMASS_RESIDUES;23012.75;0.01477