;avail_local;c_op_local
WOOD;62139.955833333326;0.01937518745918463
WET_BIOMASS;1673.6549888098607;0.031180988616819998
ENERGY_CROPS_2;3368.9258333333332;0.02110384304316024
BIOWASTE;2905.372222222222;0.0004243323625884864
BIOMASS_RESIDUES;7313.224444444445;0.017415912266230047
WASTE;9524.97;0.00610523
