parameter name;avail_local;c_op_local
WOOD;98471.21;0.02038368
WET_BIOMASS;6070.86;0.00766019
WASTE;9524.97;0.00610523
