{
      "share_ned": {
            "AMMONIA": 0.295825424549632,
            "HVC": 0.6456497373907815,
            "METHANOL": 0.05852483805958654
      },
      "share_short_haul_flights_max": 0.07979292521630968,
      "share_short_haul_flights_min": 0.07969292521630968,
      "solar_area_ground": 1545.7489052941178,
      "solar_area_ground_high_irr": 0.0,
      "solar_area_rooftop": 152.544919
}