;avail_local;c_op_local
WOOD;15457.928332711112;0.005080065631556084
WET_BIOMASS;2822.0913230926053;0.015595457882222795
ENERGY_CROPS_2;-3989.759460000001;0.018078306012947062
BIOWASTE;5929.924999999999;0.0003235397799115177
BIOMASS_RESIDUES;8370.969402222223;0.010868023266350365
WASTE;5350.621965;0.0062602
