,avail_local,c_op_local
WOOD,16235.706111111112,0.005080065631556084
WET_BIOMASS,2905.424656492605,0.015595457882222795
ENERGY_CROPS_2,10204.685,0.018078306012947062
BIOWASTE,5929.924999999999,0.0003235397799115177
BIOMASS_RESIDUES,8898.747222222222,0.010868023266350365
WASTE,5350.621965,0.0062602
