{
    "share_intra_eu_flight_max": 0.1149097730320714,
    "share_intra_eu_flight_min": 0.11480977303207139,
    "share_ned": {
        "AMMONIA": 0.08106333963552007,
        "HVC": 0.8783254967863474,
        "METHANOL": 0.04061116357813242
    },
    "solar_area_ground": 689.76,
    "solar_area_ground_high_irr": 0.0,
    "solar_area_rooftop": 140.53045848013514
}