{
      "solar_area_rooftop": 1123.0402113009827,
      "solar_area_ground": 4687.709999999998,
      "solar_area_ground_high_irr": 0.0
}