{
    "share_intra_eu_flight_max": 0.06315013602246519,
    "share_intra_eu_flight_min": 0.06305013602246519,
    "share_ned": {
        "AMMONIA": 0.11360587291380718,
        "HVC": 0.8429129973827992,
        "METHANOL": 0.04348112970339362
    },
    "solar_area_ground": 4687.709999999998,
    "solar_area_ground_high_irr": 0.0,
    "solar_area_rooftop": 1123.0402113009827
}