parameter name;avail_local;c_op_local
WOOD;321639.28;0.01919727
WET_BIOMASS;123719.94;0.00565792
WASTE;62197.24;0.00945525
