parameter name;avail_local;c_op_local
WOOD;182263.42;0.02328
WET_BIOMASS;29578.17;0.02303
WASTE;62197.24;0.00945525
OTHER_LIGNO;47166.37;0.02259
BIOWASTE;33019.78;0.00024
BIOMASS_RESIDUES;61272.29;0.01569