;avail_local;c_op_local
WOOD;20219.066944444443;0.00906533743187533
WET_BIOMASS;1574.926784528387;0.012364173747705013
ENERGY_CROPS_2;16287.071666666665;0.012017435794315263
BIOWASTE;1042.27;2.0003696125106183e-07
BIOMASS_RESIDUES;8090.495555555556;0.007638317056191508
WASTE;8548.05;0.0054295
