{
      "share_ned": {
            "AMMONIA": 0.07383911007643172,
            "HVC": 0.9261608899235683,
            "METHANOL": 0.0
      },
      "share_short_haul_flights_max": 0.16826769118052903,
      "share_short_haul_flights_min": 0.16816769118052904,
      "solar_area_ground": 28.44,
      "solar_area_ground_high_irr": 0.0,
      "solar_area_rooftop": 7.8909239886634515
}