{
    "share_intra_eu_flight_max": 0.13829683510306218,
    "share_intra_eu_flight_min": 0.1381968351030622,
    "share_ned": {
        "AMMONIA": 0.10073332942874262,
        "HVC": 0.8752154930068855,
        "METHANOL": 0.024051177564371858
    },
    "solar_area_ground": 565.56,
    "solar_area_ground_high_irr": 0.0,
    "solar_area_rooftop": 227.4983181012322
}