;avail_local;c_op_local
WOOD;57442.381944444445;0.020028773488131313
WET_BIOMASS;30637.92348866708;0.017118966202358938
ENERGY_CROPS_2;89386.06666666667;0.028525506937895222
BIOWASTE;10574.63611111111;5.7285727294302e-07
BIOMASS_RESIDUES;31897.7;0.011493497470389837
WASTE;38204.55;0.00717225
