{
      "share_ned": {
            "AMMONIA": 0.5285010264863295,
            "HVC": 0.439781407498267,
            "METHANOL": 0.03171756601540364
      },
      "share_short_haul_flights_max": 0.09388547849002608,
      "share_short_haul_flights_min": 0.09378547849002608,
      "solar_area_ground": 282.3552240588235,
      "solar_area_ground_high_irr": 0.0,
      "solar_area_rooftop": 16.239137988235292
}