{
      "solar_area_rooftop": 159.69332494082323,
      "solar_area_ground": 452.4599999999999,
      "solar_area_ground_high_irr": 0.0
}