{
      "solar_area_rooftop": 159.69332494082323,
      "solar_area_ground": 188.5423529,
      "solar_area_ground_high_irr": 0.0
}