parameter name;avail_local;c_op_local
WOOD;23434.45;0.01425443
WET_BIOMASS;38879.09;0.00250095
WASTE;17828.79;0.01002601
