parameter name;avail_local;c_op_local
WOOD;23400;0.032815086
WET_BIOMASS;38879.09;0.00575743
WASTE;17828.79;0.023080857
