{
      "solar_area_rooftop": 28.85048941943964,
      "solar_area_ground": 538.1999999999999,
      "solar_area_ground_high_irr": 0.0
}