;avail_local;c_op_local
WOOD;11947.021111111111;0.019198139621909954
WET_BIOMASS;5097.699262015288;0.021644564667282585
ENERGY_CROPS_2;2033.0974999999999;0.025466326529270226
BIOWASTE;733.72;9.648708133544748e-05
BIOMASS_RESIDUES;1268.9094444444445;0.008870449604615917
WASTE;6536.06;0.00891927
