parameter name;avail_local;c_op_local
WOOD;13397.76;0.02222535
WET_BIOMASS;2081.77;0.00695553
WASTE;6536.06;0.00891927
