{
      "solar_area_rooftop": 106.66346995751182,
      "solar_area_ground": 1651.8599999999997,
      "solar_area_ground_high_irr": 0.0
}