parameter name;avail_local;c_op_local
WOOD;321871.88;0.016984259
WET_BIOMASS;44170.74;0.00525108
WASTE;21480.61;0.008760725
