Country,Nuclear
AL,0
AT,0
BE,8.406454592
BA,0
BG,4.293113012
HR,1.768566105
CZ,9.014253244
DK,0
EE,0
FI,9.403758014
FR,63
DE,0
GR,0
HU,4.100500763
IE,0
IT,0
LV,0
LT,0
LU,0
ME,0
NL,1.031545599
MK,0
NO,0
PL,0
PT,0
RO,2.782176927
RS,0
SI,5.881093997
SK,1.472413635
ES,0
SE,14.84612411
CH,0
GB,24
XK,0
