Time_series;AL;AT;BA;BE;BG;CH;CZ;DE;DK;EE;ES;FI;FR;GB;GR;HR;HU;IE;IT;LT;LU;LV;ME;MK;NL;NO;PL;PT;RO;RS;SE;SI;SK;XK
ELECTRICITY;1.0;1.0;1.0;1.0;1.0;1.0;1.0;1.0;1.0;1.0;1.0;1.0;1.0;1.0;1.0;1.0;1.0;1.0;1.0;1.0;1.0;1.0;1.0;1.0;1.0;1.0;1.0;1.0;1.0;1.0;1.0;1.0;1.0;1.0
HEAT_LOW_T_SH;0.204;0.204;0.204;0.204;0.204;0.204;0.204;0.204;0.204;0.204;0.204;0.204;0.204;0.204;0.204;0.204;0.204;0.204;0.204;0.204;0.204;0.204;0.204;0.204;0.204;0.204;0.204;0.204;0.204;0.204;0.204;0.204;0.204;0.204
SPACE_COOLING;0.087;0.087;0.087;0.087;0.087;0.087;0.087;0.087;0.087;0.087;0.087;0.087;0.087;0.087;0.087;0.087;0.087;0.087;0.087;0.087;0.087;0.087;0.087;0.087;0.087;0.087;0.087;0.087;0.087;0.087;0.087;0.087;0.087;0.087
WIND_OFFSHORE;0.0;0.0;0.0;1.0;1.0;0.0;0.0;1.0;1.0;1.0;1.0;1.0;1.0;1.0;0.018;1.0;0.0;1.0;1.0;1.0;0.0;1.0;0.0;0.0;1.0;1.0;1.0;0.024999;1.0;0.0;1.0;0.0;0.0;0.0
WIND_ONSHORE;1.0;1.0;1.0;1.0;1.0;1.0;1.0;1.0;1.0;1.0;1.0;1.0;1.0;1.0;1.0;1.0;1.0;1.0;1.0;1.0;1.0;1.0;1.0;1.0;1.0;1.0;1.0;1.0;1.0;1.0;1.0;1.0;1.0;1.0
HYDRO_DAM;1.0;1.0;1.0;0.001;1.0;1.0;1.0;1.0;0.001;0.001;1.0;1.0;1.0;1.0;1.0;1.0;0.028;0.001;1.0;1.0;0.001;1.0;1.0;1.0;0.001;1.0;1.0;1.0;1.0;1.0;1.0;1.0;1.0;0.035
HYDRO_RIVER;1.0;1.0;1.0;1.0;1.0;1.0;1.0;1.0;0.001;0.0792467948717948;1.0;1.0;1.0;1.0;1.0;1.0;1.0;1.0;1.0;1.0;1.0;1.0;1.0;0.0416;1.0;1.0;1.0;1.0;1.0;1.0;1.0;1.0;1.0;1.0
PV;1.0;1.0;1.0;1.0;1.0;1.0;1.0;1.0;1.0;1.0;1.0;1.0;1.0;1.0;1.0;1.0;1.0;1.0;1.0;1.0;1.0;1.0;1.0;1.0;1.0;1.0;1.0;1.0;1.0;1.0;1.0;1.0;1.0;1.0
TIDAL;0.0;0.0;0.0;0.0;0.0;0.0;0.0;1.0;0.0;0.0;1.0;0.0;1.0;1.0;0.0;0.0;0.0;1.0;0.0;0.0;0.0;0.0;0.0;0.0;1.0;0.0;0.0;0.0;0.0;0.0;0.0;0.0;0.0;0.0
