;avail_local;c_op_local
WOOD;174300.56;0.0176566
WET_BIOMASS;71822.835;0.022641
ENERGY_CROPS_2;71972.536;0.019083
BIOWASTE;31515.361;0.0001996
BIOMASS_RESIDUES;52998.417;0.008162
WASTE;57777.84;0.00854573
