{
      "solar_area_rooftop": 28.75768464398416,
      "solar_area_ground": 181.10999999999999,
      "solar_area_ground_high_irr": 0.0
}