{
      "solar_area_rooftop": 143.10199175377673,
      "solar_area_ground": 1702.92,
      "solar_area_ground_high_irr": 56.459999999999994
}