parameter name;avail_local;c_op_local
WOOD;11999.834;0.021402
WET_BIOMASS;26737.37;0.00740007
WASTE;9927.368;0.00831838
