parameter name;avail_local;c_op_local
WOOD;35180.75;0.01612957
WET_BIOMASS;11164.8;0.00595291
WASTE;17386.85;0.00771797
