;avail_local;c_op_local
WOOD;30027.992777777778;0.020518642046346118
WET_BIOMASS;6627.855401317581;0.01529114405694079
ENERGY_CROPS_2;6663.0872222222215;0.019933281889354636
BIOWASTE;4892.586111111111;1.429639706756088e-05
BIOMASS_RESIDUES;3628.0002777777777;0.010985003177752712
WASTE;17386.85;0.00771797
