{
    "share_ned": {
        "AMMONIA": 0.3137260984960112,
        "HVC": 0.6487488325693445,
        "METHANOL": 0.03752506893464427
    },
    "solar_area_ground": 4718.8200000000015,
    "solar_area_ground_high_irr": 0.0,
    "solar_area_rooftop": 536.3737302034257
}