{
      "solar_area_rooftop": 536.3737302034257,
      "solar_area_ground": 4718.8200000000015,
      "solar_area_ground_high_irr": 0.0
}