parameter name;avail_local;c_op_local
WOOD;104722.74;0.01252
WET_BIOMASS;22889.16;0.01491
WASTE;51241.78;0.01314697
OTHER_LIGNO;74331.83;0.01902
BIOWASTE;7299.88;0.0000106
BIOMASS_RESIDUES;28906.67;0.00991