parameter name;avail_local;c_op_local
WOOD;143944.51;0.01927797
WET_BIOMASS;138373.74;0.00550783
WASTE;51241.78;0.01314697
