{
    "share_ned": {
        "AMMONIA": 0.21321447315922645,
        "HVC": 0.7536684894758483,
        "METHANOL": 0.03311703736492524
    },
    "share_short_haul_flights_max": 0.15977416219742807,
    "share_short_haul_flights_min": 0.15967416219742808,
    "solar_area_ground": 301.95846847058823,
    "solar_area_ground_high_irr": 0.0,
    "solar_area_rooftop": 118.8891568235294
}