{
    "share_intra_eu_flight_max": 0.16092116062176268,
    "share_intra_eu_flight_min": 0.1608211606217627,
    "share_ned": {
        "AMMONIA": 0.21321447315922645,
        "HVC": 0.7536684894758483,
        "METHANOL": 0.03311703736492524
    },
    "solar_area_ground": 689.76,
    "solar_area_ground_high_irr": 0.0,
    "solar_area_rooftop": 140.53045848013514
}