{
    "share_intra_eu_flight_max": 0.17289195460163975,
    "share_intra_eu_flight_min": 0.17279195460163976,
    "share_ned": {
        "AMMONIA": 0.07383911007643172,
        "HVC": 0.9261608899235683,
        "METHANOL": 0.0
    },
    "solar_area_ground": 28.44,
    "solar_area_ground_high_irr": 0.0,
    "solar_area_rooftop": 7.890923988663451
}