parameter name;avail_local;c_op_local
WOOD;2343.445;0.01425443
WET_BIOMASS;3887.909;0.00250095
WASTE;1782.879;0.01002601
