{
    "share_ned": {
        "AMMONIA": 0.017571667502036082,
        "HVC": 0.9010487210496869,
        "METHANOL": 0.08137961144827713
    },
    "solar_area_ground": 181.10999999999999,
    "solar_area_ground_high_irr": 0.0,
    "solar_area_rooftop": 28.75768464398416
}