{
      "solar_area_rooftop": 60.7588180314156,
      "solar_area_ground": 524.2800000000001,
      "solar_area_ground_high_irr": 0.33
}