parameter name;avail_local;c_op_local
WOOD;74617.68;0.0097
WET_BIOMASS;6394.67;0.01261
WASTE;15153.89;0.00578225
OTHER_LIGNO;93086.56;0.01286
BIOWASTE;2412.56;0.000446
BIOMASS_RESIDUES;22067.29;0.00977