parameter name;avail_local;c_op_local
WOOD;142479.13;0.01189806
WET_BIOMASS;42333.2;0.00519612
WASTE;15153.89;0.00578225
