parameter name;avail_local;c_op_local
WOOD;99220.07;0.02707
WET_BIOMASS;1313.09;0.02417
WASTE;11095.02;0.00607866
OTHER_LIGNO;5387.81;0.02587
BIOWASTE;3650.37;0.00016
BIOMASS_RESIDUES;7383.56;0.01508