;avail_local;c_op_local
WOOD;108406.62777777779;0.02233977168822582
WET_BIOMASS;1450.622309335963;0.033104312867772774
ENERGY_CROPS_2;7754.110000000001;0.023524272180704093
BIOWASTE;4720.944444444444;0.00011209561515004175
BIOMASS_RESIDUES;7384.278611111111;0.012291293230148609
WASTE;11095.02;0.00607866
