parameter name;avail_local;c_op_local
WOOD;246567.63;0.01618523
WET_BIOMASS;13514.06;0.00743746
WASTE;11095.02;0.00607866
