parameter name;avail_local;c_op_local
WOOD;30331.04;0.01782862
WET_BIOMASS;9990.17;0.00703968
WASTE;5338.17;0.00659634
